Identifier 1,date,day,month,tissue type,Identifier 2,fl_mm,percent_n,percent_c,d15N,d13C
PRD220_10/12_WAL_240M_488FIN,10/12/12,12,10,fin,Walleye,240,6.6699677,26.8125797,14.237,-23.703
PRD91_3/25_WAL_240M_B93FIN,3/25/12,25,3,fin,Walleye,240,7.3116811,28.2812832,15.513,-24.24
PRD125_7/7_WAL_250M_408FIN,7/7/12,7,7,fin,Walleye,250,5.8197472,20.0143763,15.435,-23.33
PRD221_10/12_WAL_280M_487FIN,10/12/12,12,10,fin,Walleye,280,4.9245052,19.2878074,13.684,-25.374
PRD96_3/25_WAL_310M_B98FIN,3/25/12,25,3,fin,Walleye,310,6.3400001,23.9082349,15.767,-27.641
PRD116_7/7_WAL_335M_B280FIN,7/7/12,7,7,fin,Walleye,335,5.5723106,19.3557974,14.93,-23.546
PRD206_9/9_WAL_350M_473FIN,9/9/12,9,9,fin,Walleye,350,5.2394886,18.0252402,14.926,-24.527
PRD113_7/7_WAL_360M_B277FIN,7/7/12,7,7,fin,Walleye,360,7.7833769,28.5139434,15.918,-25.939
PRD113_7/7_WAL_360M_B277FIN,7/7/12,7,7,fin,Walleye,360,6.850212,24.7767608,15.742,-25.838
PRD129_7/7_WAL_370M_412FIN,7/7/12,7,7,fin,Walleye,370,5.929202,21.7485596,15.317,-26.555
PRD130_7/7_WAL_370M_413FIN,7/7/12,7,7,fin,Walleye,370,6.3287485,23.5270644,15.305,-26.663
PRD74_3/25_WAL_375M_B76FIN,3/25/12,25,3,fin,Walleye,375,8.2382445,32.6713264,15.746,-24.817
PRD53_3/24_WAL_380M_B55FIN,3/24/12,24,3,fin,Walleye,380,8.0137752,30.5434438,15.858,-26.333
PRD78_3/25_WAL_380M_B80FIN,3/25/12,25,3,fin,Walleye,380,7.234037,28.6348553,15.417,-28.109
PRD85_3/25_WAL_380M_B87FIN,3/25/12,25,3,fin,Walleye,380,8.1522043,32.3851723,15.86,-25.445
PRD67_3/24_WAL_385M_B69FIN,3/24/12,24,3,fin,Walleye,385,8.2169621,32.4012409,15.64,-27.919
PRD150_9/8_WAL_410M_417FIN,9/8/12,8,9,fin,Walleye,410,5.9827322,20.6682837,14.976,-25.951
PRD160_9/8_WAL_410M_427FIN,9/8/12,8,9,fin,Walleye,410,6.4974486,21.0391985,15.061,-25.496
PRD201_9/9_WAL_410M_468FIN,9/9/12,9,9,fin,Walleye,410,6.8276326,23.6632311,14.746,-26.567
PRD203_9/9_WAL_410M_470FIN,9/9/12,9,9,fin,Walleye,410,5.6477508,19.3397211,15.045,-23.886
PRD213_9/9_WAL_410M_480FIN,9/9/12,9,9,fin,Walleye,410,7.5809347,26.164369,14.943,-21.932
PRD35_3/24_WAL_410M_B37FIN,3/24/12,24,3,fin,Walleye,410,8.4300157,32.3828805,16.126,-28.645
PRD42_3/24_WAL_410M_B44FIN,3/24/12,24,3,fin,Walleye,410,8.2819224,30.8589888,16.205,-28.67
PRD57_3/24_WAL_410M_B59FIN,3/24/12,24,3,fin,Walleye,410,9.1891385,35.663165,16.241,-27.988
PRD62_3/24_WAL_410M_B64FIN,3/24/12,24,3,fin,Walleye,410,7.9044754,31.6289604,15.463,-29.147
PRD73_3/25_WAL_415M_B75FIN,3/25/12,25,3,fin,Walleye,415,8.5488856,32.729389,15.088,-28.622
PRD103_3/25_WAL_420M_B105FIN,3/25/12,25,3,fin,Walleye,420,7.3767776,28.9974538,16.071,-28.246
PRD104_3/25_WAL_420M_B106FIN,3/25/12,25,3,fin,Walleye,420,9.372161,36.8309707,15.822,-28.968
PRD104_3/25_WAL_420M_B106FIN,3/25/12,25,3,fin,Walleye,420,8.7380976,34.1851322,15.771,-28.859
PRD127_7/7_WAL_420M_410FIN,7/7/12,7,7,fin,Walleye,420,6.0723821,21.5302296,15.564,-26.414
PRD158_9/8_WAL_420M_425FIN,9/8/12,8,9,fin,Walleye,420,6.1721602,20.7092009,15.793,-23.929
PRD191_9/9_WAL_420M_458FIN,9/9/12,9,9,fin,Walleye,420,7.4440058,26.3956093,15.395,-25.912
PRD66_3/24_WAL_420M_B68FIN,3/24/12,24,3,fin,Walleye,420,7.8036075,30.3180785,15.748,-28.617
PRD105_3/25_WAL_425M_B107FIN,3/25/12,25,3,fin,Walleye,425,8.9462108,34.0145955,16.151,-27.705
PRD146_7/8_WAL_425F_B124FIN,7/8/12,8,7,fin,Walleye,425,5.8940784,20.8257228,15.575,-26.202
PRD3_3/10_WAL_425M_6FIN,3/10/12,10,3,fin,Walleye,425,9.4794532,35.3406832,16.949,-27.647
PRD31_3/24_WAL_425M_B33FIN,3/24/12,24,3,fin,Walleye,425,6.3596206,23.6921385,15.694,-27.012
PRD5_3/10_WAL_429M_4FIN,3/10/12,10,3,fin,Walleye,429,9.6429832,35.3449494,15.632,-28.666
PRD100_3/25_WAL_430M_B102FIN,3/25/12,25,3,fin,Walleye,430,9.8562649,38.4071305,16.782,-28.608
PRD102_3/25_WAL_430M_B104FIN,3/25/12,25,3,fin,Walleye,430,8.785703,32.4664456,16.186,-27.604
PRD124_7/7_WAL_430M_B288FIN,7/7/12,7,7,fin,Walleye,430,6.0993328,21.0341035,15.211,-25.89
PRD131_7/8_WAL_430M_B109FIN,7/8/12,8,7,fin,Walleye,430,5.4450657,18.6979973,15.135,-26.378
PRD133_7/8_WAL_430M_B111FIN,7/8/12,8,7,fin,Walleye,430,5.3210524,21.6396229,15.427,-26.076
PRD133_7/8_WAL_430M_B111FIN,7/8/12,8,7,fin,Walleye,430,6.3464686,17.3892861,15.483,-25.68
PRD171_9/8_WAL_430M_438FIN,9/8/12,8,9,fin,Walleye,430,6.322799,22.351444,14.556,-25.076
PRD172_9/8_WAL_430M_439FIN,9/8/12,8,9,fin,Walleye,430,6.5221697,21.8456218,15.517,-24.585
PRD180_9/8_WAL_430M_447FIN,9/8/12,8,9,fin,Walleye,430,5.9058573,20.2391202,15.035,-25.997
PRD29_3/24_WAL_430M_B31FIN,3/24/12,24,3,fin,Walleye,430,8.2422329,31.280767,16.148,-27.805
PRD32_3/24_WAL_430M_B34FIN,3/24/12,24,3,fin,Walleye,430,6.8179919,28.119458,16.517,-27.801
PRD32_3/24_WAL_430M_B34FIN,3/24/12,24,3,fin,Walleye,430,7.2308506,25.913699,16.832,-27.553
PRD54_3/24_WAL_430M_B56FIN,3/24/12,24,3,fin,Walleye,430,10.2933455,41.4635796,14.921,-27.247
PRD63_3/24_WAL_430M_B65FIN,3/24/12,24,3,fin,Walleye,430,8.5665636,34.5888375,16.247,-24.517
PRD69_3/24_WAL_430M_B71FIN,3/24/12,24,3,fin,Walleye,430,8.1261959,31.7114562,16.721,-27.597
PRD70_3/25_WAL_430M_B72FIN,3/25/12,25,3,fin,Walleye,430,6.6057907,25.7085371,15.944,-27.404
PRD90_3/25_WAL_430M_B92FIN,3/25/12,25,3,fin,Walleye,430,8.934474,36.0365314,17.342,-26.721
PRD4_3/10_WAL_431M_10FIN,3/10/12,10,3,fin,Walleye,431,9.7969815,34.2632802,16.596,-27.794
PRD12_3/24_WAL_435M_B14FIN,3/24/12,24,3,fin,Walleye,435,8.6963396,33.7570623,16.054,-28.181
PRD12_3/24_WAL_435M_B14FIN,3/24/12,24,3,fin,Walleye,435,7.7045924,29.6512902,16.008,-27.744
PRD122_7/7_WAL_435M_B286FIN,7/7/12,7,7,fin,Walleye,435,5.5068831,18.9301093,15.62,-25.988
PRD122_7/7_WAL_435M_B286FIN,7/7/12,7,7,fin,Walleye,435,5.4394196,19.0566668,15.653,-25.95
PRD16_3/24_WAL_435M_B18FIN,3/24/12,24,3,fin,Walleye,435,7.6900881,29.2755427,15.769,-27.946
PRD19_3/24_WAL_435M_B21FIN,3/24/12,24,3,fin,Walleye,435,8.4600979,32.1899912,15.792,-28.48
PRD218_9/9_WAL_435M_485FIN,9/9/12,9,9,fin,Walleye,435,6.2195191,21.4592531,15.403,-24.245
PRD55_3/24_WAL_435M_B57FIN,3/24/12,24,3,fin,Walleye,435,7.4305042,29.1315098,15.462,-26.404
PRD56_3/24_WAL_435M_B58FIN,3/24/12,24,3,fin,Walleye,435,9.4403925,37.2569015,16.322,-27.69
PRD10_3/24_WAL_440M_B12FIN,3/24/12,24,3,fin,Walleye,440,7.9813804,30.4246976,14.99,-26.821
PRD11_3/24_WAL_440M_B13FIN,3/24/12,24,3,fin,Walleye,440,7.086702,26.749623,15.502,-27.277
PRD128_7/7_WAL_440M_411FIN,7/7/12,7,7,fin,Walleye,440,6.1539517,21.3835442,15.613,-25.235
PRD165_9/8_WAL_440M_432FIN,9/8/12,8,9,fin,Walleye,440,6.502315,20.6873946,14.8,-24.156
PRD170_9/8_WAL_440M_437FIN,9/8/12,8,9,fin,Walleye,440,6.2319993,20.9761431,15.11,-26.045
PRD30_3/24_WAL_440M_B32FIN,3/24/12,24,3,fin,Walleye,440,9.415918,36.4474832,16.243,-28.713
PRD33_3/24_WAL_440M_B35FIN,3/24/12,24,3,fin,Walleye,440,8.4976575,32.3088565,16.432,-27.456
PRD38_3/24_WAL_440M_B40FIN,3/24/12,24,3,fin,Walleye,440,7.2176695,27.0663134,16.342,-26.49
PRD39_3/24_WAL_440M_B41FIN,3/24/12,24,3,fin,Walleye,440,7.0608766,26.5294155,15.218,-27.646
PRD58_3/24_WAL_440M_B60FIN,3/24/12,24,3,fin,Walleye,440,7.9248417,31.3384299,15.354,-28.878
PRD65_3/24_WAL_440M_B67FIN,3/24/12,24,3,fin,Walleye,440,7.1479429,28.4619599,15.598,-27.823
PRD77_3/25_WAL_440M_B79FIN,3/25/12,25,3,fin,Walleye,440,7.0618736,30.4737147,15.803,-28.623
PRD77_3/25_WAL_440M_B79FIN,3/25/12,25,3,fin,Walleye,440,7.8997809,26.7380046,15.963,-28.186
PRD79_3/25_WAL_440M_B81FIN,3/25/12,25,3,fin,Walleye,440,7.5491647,29.0216441,16.213,-26.733
PRD84_3/25_WAL_440M_B86FIN,3/25/12,25,3,fin,Walleye,440,7.513441,28.7899625,15.748,-27.925
PRD98_3/25_WAL_440M_B100FIN,3/25/12,25,3,fin,Walleye,440,6.8302965,24.3475813,14.276,-26.798
PRD177_9/8_WAL_445M_444FIN,9/8/12,8,9,fin,Walleye,445,6.6313277,26.3334047,15.414,-27.649
PRD177_9/8_WAL_445M_444FIN,9/8/12,8,9,fin,Walleye,445,7.0283544,24.7021726,15.198,-27.474
PRD18_3/24_WAL_445M_B20FIN,3/24/12,24,3,fin,Walleye,445,7.1564312,26.7868548,15.489,-25.904
PRD59_3/24_WAL_445M_B61FIN,3/24/12,24,3,fin,Walleye,445,7.7477289,32.1329718,15.569,-28.005
PRD59_3/24_WAL_445M_B61FIN,3/24/12,24,3,fin,Walleye,445,6.6883566,25.9431652,15.513,-27.136
PRD99_3/25_WAL_445M_B101FIN,3/25/12,25,3,fin,Walleye,445,7.1845995,28.7222758,15.45,-28.301
PRD101_3/25_WAL_450M_B103FIN,3/25/12,25,3,fin,Walleye,450,8.9094102,34.6069856,16.544,-27.045
PRD106_3/25_WAL_450M_B108FIN,3/25/12,25,3,fin,Walleye,450,6.5831192,25.5781087,15.69,-27.918
PRD145_7/8_WAL_450M_B123FIN,7/8/12,8,7,fin,Walleye,450,6.0424106,21.4706796,15.844,-26.832
PRD15_3/24_WAL_450M_B17FIN,3/24/12,24,3,fin,Walleye,450,8.3698409,31.3288099,16.474,-27.596
PRD176_9/8_WAL_450M_443FIN,9/8/12,8,9,fin,Walleye,450,6.5435509,21.3423062,14.888,-26.36
PRD183_9/8_WAL_450M_450FIN,9/8/12,8,9,fin,Walleye,450,6.0644297,21.0433773,15.049,-24.636
PRD22_3/24_WAL_450M_B24FIN,3/24/12,24,3,fin,Walleye,450,8.7895806,35.0680066,16.181,-27.35
PRD22_3/24_WAL_450M_B24FIN,3/24/12,24,3,fin,Walleye,450,9.0072284,34.1136642,16.051,-27.333
PRD25_3/24_WAL_450M_B27FIN,3/24/12,24,3,fin,Walleye,450,8.6276136,33.5453782,16.868,-27.363
PRD28_3/24_WAL_450M_B30FIN,3/24/12,24,3,fin,Walleye,450,8.9071872,34.5561448,15.689,-29.283
PRD9_3/24_WAL_450M_B11FIN,3/24/12,24,3,fin,Walleye,450,7.4987844,28.4097506,15.735,-27.057
PRD136_7/8_WAL_460M_B114FIN,7/8/12,8,7,fin,Walleye,460,6.1081992,21.7362383,15.499,-25.747
PRD137_7/8_WAL_460M_B115FIN,7/8/12,8,7,fin,Walleye,460,5.3549212,18.3439341,15.869,-23.25
PRD14_3/24_WAL_460X_B16FIN,3/24/12,24,3,fin,Walleye,460,8.5333648,31.9675219,15.895,-27.309
PRD162_9/8_WAL_460M_429FIN,9/8/12,8,9,fin,Walleye,460,6.1328201,20.8999863,15.889,-24.404
PRD167_9/8_WAL_460M_434FIN,9/8/12,8,9,fin,Walleye,460,6.6878139,21.2903368,15.194,-24.347
PRD174_9/8_WAL_460M_441FIN,9/8/12,8,9,fin,Walleye,460,6.6222305,21.2826696,14.857,-24.043
PRD186_9/9_WAL_460M_453FIN,9/9/12,9,9,fin,Walleye,460,5.7699291,19.6598379,15.334,-26.075
PRD2_3/10_WAL_460M_18FIN,3/10/12,10,3,fin,Walleye,460,6.6316348,23.014003,15.912,-27.131
PRD200_9/9_WAL_460M_467FIN,9/9/12,9,9,fin,Walleye,460,5.7106392,18.8288478,15.579,-24.857
PRD212_9/9_WAL_460M_479FIN,9/9/12,9,9,fin,Walleye,460,6.8736398,23.1700989,15.495,-25.314
PRD26_3/24_WAL_460M_B28FIN,3/24/12,24,3,fin,Walleye,460,10.5537766,40.6680364,16.234,-29.203
PRD34_3/24_WAL_460M_B36FIN,3/24/12,24,3,fin,Walleye,460,9.3842523,36.0434993,16.756,-27.373
PRD36_3/24_WAL_460M_B38FIN,3/24/12,24,3,fin,Walleye,460,7.761606,29.1315238,15.924,-28.706
PRD61_3/24_WAL_460M_B63FIN,3/24/12,24,3,fin,Walleye,460,8.6459939,34.2813702,15.499,-26.546
PRD81_3/25_WAL_460M_B83FIN,3/25/12,25,3,fin,Walleye,460,7.1212863,27.8884509,15.666,-26.893
PRD92_3/25_WAL_460M_B94FIN,3/25/12,25,3,fin,Walleye,460,7.5873152,27.9412956,15.256,-28.17
PRD97_3/25_WAL_460M_B99FIN,3/25/12,25,3,fin,Walleye,460,7.3466508,28.4228452,15.65,-27.928
PRD120_7/7_WAL_465M_B284FIN,7/7/12,7,7,fin,Walleye,465,5.224976,17.7073358,15.918,-25.111
PRD126_7/7_WAL_465M_409FIN,7/7/12,7,7,fin,Walleye,465,5.6870565,20.1585188,15.668,-26.622
PRD6_3/10_WAL_465M_12FIN,3/10/12,10,3,fin,Walleye,465,10.3910835,34.3022632,16.03,-28.058
PRD68_3/24_WAL_465M_B70FIN,3/24/12,24,3,fin,Walleye,465,8.1813822,32.2905392,15.641,-29.139
PRD68_3/24_WAL_465M_B70FIN,3/24/12,24,3,fin,Walleye,465,8.6338331,34.5488866,15.539,-29.067
PRD163_9/8_WAL_470M_430FIN,9/8/12,8,9,fin,Walleye,470,6.7845856,23.9781315,15.69,-25.831
PRD164_9/8_WAL_470M_431FIN,9/8/12,8,9,fin,Walleye,470,5.625986,18.5399111,15.488,-25.014
PRD27_3/24_WAL_470M_B29FIN,3/24/12,24,3,fin,Walleye,470,7.6110595,29.243307,16.07,-27.636
PRD111_7/7_WAL_475M_B275FIN,7/7/12,7,7,fin,Walleye,475,5.6494133,18.6936405,15.736,-24.708
PRD132_7/8_WAL_480M_B110FIN,7/8/12,8,7,fin,Walleye,480,7.397341,26.4038435,15.793,-24.704
PRD144_7/8_WAL_480M_B122FIN,7/8/12,8,7,fin,Walleye,480,6.7342037,24.7304998,15.668,-26.548
PRD144_7/8_WAL_480M_B122FIN,7/8/12,8,7,fin,Walleye,480,6.3621071,22.7653867,15.665,-26.295
PRD147_9/8_WAL_480M_414FIN,9/8/12,8,9,fin,Walleye,480,5.3835753,17.5469586,15.107,-24.777
PRD169_9/8_WAL_480M_436FIN,9/8/12,8,9,fin,Walleye,480,6.6049986,23.054277,15.066,-27.042
PRD184_9/9_WAL_480M_451FIN,9/9/12,9,9,fin,Walleye,480,6.3583322,21.5803741,15.248,-24.667
PRD209_9/9_WAL_480M_476FIN,9/9/12,9,9,fin,Walleye,480,6.8962011,23.7500676,15.629,-25.265
PRD23_3/24_WAL_480M_B25FIN,3/24/12,24,3,fin,Walleye,480,7.7273645,29.8163288,16.479,-26.897
PRD64_3/24_WAL_480M_B66FIN,3/24/12,24,3,fin,Walleye,480,7.4913195,29.0187872,15.542,-27.788
PRD118_7/7_WAL_485M_B282FIN,7/7/12,7,7,fin,Walleye,485,6.4894496,21.656579,15.948,-25.735
PRD193_9/9_WAL_485M_460FIN,9/9/12,9,9,fin,Walleye,485,6.1756592,22.3889155,15.57,-24.623
PRD157_9/8_WAL_490M_424FIN,9/8/12,8,9,fin,Walleye,490,6.1002495,19.9122116,15.223,-25.253
PRD166_9/8_WAL_490M_433FIN,9/8/12,8,9,fin,Walleye,490,6.1677748,20.4598146,15.132,-24.504
PRD166_9/8_WAL_490M_433FIN,9/8/12,8,9,fin,Walleye,490,6.1152572,20.3077573,15.438,-24.357
PRD182_9/8_WAL_490M_449FIN,9/8/12,8,9,fin,Walleye,490,5.9104038,20.1062664,15.119,-24.834
PRD185_9/9_WAL_490M_452FIN,9/9/12,9,9,fin,Walleye,490,6.2608859,19.8762344,15.087,-23.837
PRD202_9/9_WAL_490M_469FIN,9/9/12,9,9,fin,Walleye,490,6.1767006,21.8969267,15.32,-26.042
PRD215_9/9_WAL_490M_482FIN,9/9/12,9,9,fin,Walleye,490,5.910831,19.2596982,14.897,-23.979
PRD1_3/10_WAL_495M_20FIN,3/10/12,10,3,fin,Walleye,495,6.7576316,25.3070812,16.109,-27.381
PRD110_7/7_WAL_495M_B274FIN,7/7/12,7,7,fin,Walleye,495,5.3382536,18.027659,16.223,-24.564
PRD178_9/8_WAL_495M_445FIN,9/8/12,8,9,fin,Walleye,495,7.0359231,25.5386862,16.449,-25.868
PRD115_7/7_WAL_500F_B279FIN,7/7/12,7,7,fin,Walleye,500,6.3122986,22.5962363,15.414,-25.941
PRD135_7/8_WAL_500M_B113FIN,7/8/12,8,7,fin,Walleye,500,5.9634531,19.4509304,15.725,-26.496
PRD188_9/9_WAL_500M_455FIN,9/9/12,9,9,fin,Walleye,500,6.3464256,21.5968927,15.049,-24.725
PRD188_9/9_WAL_500M_455FIN,9/9/12,9,9,fin,Walleye,500,6.2200173,21.0880449,15.03,-24.568
PRD189_9/9_WAL_500M_456FIN,9/9/12,9,9,fin,Walleye,500,6.3795131,21.0267417,15.931,-24.192
PRD204_9/9_WAL_500M_471FIN,9/9/12,9,9,fin,Walleye,500,6.4468212,21.5591681,16.276,-23.281
PRD207_9/9_WAL_500M_474FIN,9/9/12,9,9,fin,Walleye,500,6.1276882,21.0431344,15.193,-24.839
PRD60_3/24_WAL_500M_B62FIN,3/24/12,24,3,fin,Walleye,500,6.8011408,26.5016021,15.72,-27.198
PRD192_9/9_WAL_505M_459FIN,9/9/12,9,9,fin,Walleye,505,6.2847887,20.8893773,14.967,-24.3
PRD121_7/7_WAL_510M_B285FIN,7/7/12,7,7,fin,Walleye,510,7.2918204,26.1000036,16.372,-26.909
PRD151_9/8_WAL_510F_418FIN,9/8/12,8,9,fin,Walleye,510,5.9608152,20.090772,15.953,-25.299
PRD153_9/8_WAL_510M_420FIN,9/8/12,8,9,fin,Walleye,510,5.993619,19.147068,16.24,-24.232
PRD159_9/8_WAL_510M_426FIN,9/8/12,8,9,fin,Walleye,510,6.2357268,20.5978898,15.575,-25.615
PRD194_9/9_WAL_510M_461FIN,9/9/12,9,9,fin,Walleye,510,6.8771984,25.0875013,15.272,-24.517
PRD211_9/9_WAL_510M_478FIN,9/9/12,9,9,fin,Walleye,510,5.6212698,18.8887974,15.88,-24.141
PRD222_10/12_WAL_510M_489FIN,10/12/12,12,10,fin,Walleye,510,6.4347255,25.8325724,14.483,-27.857
PRD222_10/12_WAL_510M_489FIN,10/12/12,12,10,fin,Walleye,510,6.041289,23.1181252,14.59,-27.11
PRD24_3/24_WAL_510M_B26FIN,3/24/12,24,3,fin,Walleye,510,7.4451318,28.7544073,16.333,-28.02
PRD47_3/24_WAL_510M_B49FIN,3/24/12,24,3,fin,Walleye,510,7.4185206,27.7729249,16.764,-25.437
PRD75_3/25_WAL_510M_B77FIN,3/25/12,25,3,fin,Walleye,510,7.0541485,26.3410877,15.555,-26.421
PRD112_7/7_WAL_520M_B276FIN,7/7/12,7,7,fin,Walleye,520,7.7335613,27.4463444,15.911,-26.738
PRD114_7/7_WAL_520M_B278FIN,7/7/12,7,7,fin,Walleye,520,6.2390471,22.0637531,15.435,-23.632
PRD197_9/9_WAL_520F_464FIN,9/9/12,9,9,fin,Walleye,520,5.7746716,19.2250085,15.556,-24.256
PRD219_10/11_WAL_520M_486FIN,10/11/12,11,10,fin,Walleye,520,5.6497721,19.1892079,15.786,-24.945
PRD173_9/8_WAL_530M_440FIN,9/8/12,8,9,fin,Walleye,530,7.213878,24.3298203,14.492,-25.608
PRD187_9/9_WAL_530F_454FIN,9/9/12,9,9,fin,Walleye,530,7.4244734,26.7970278,15.023,-25.437
PRD195_9/9_WAL_530F_462FIN,9/9/12,9,9,fin,Walleye,530,6.6232267,23.1362737,16.303,-25.612
PRD210_9/9_WAL_530M_477FIN,9/9/12,9,9,fin,Walleye,530,6.3638739,24.2990484,16.245,-24.145
PRD210_9/9_WAL_530M_477FIN,9/9/12,9,9,fin,Walleye,530,6.8063952,22.5434643,16.246,-23.645
PRD217_9/9_WAL_530M_484FIN,9/9/12,9,9,fin,Walleye,530,5.7900702,19.6992148,15.928,-23.698
PRD45_3/24_WAL_530M_B47FIN,3/24/12,24,3,fin,Walleye,530,7.1975824,27.0851203,16.429,-26.294
PRD155_9/8_WAL_535F_422FIN,9/8/12,8,9,fin,Walleye,535,6.3211338,23.3677755,15.836,-25.971
PRD155_9/8_WAL_535F_422FIN,9/8/12,8,9,fin,Walleye,535,7.1960985,20.7872526,15.711,-25.927
PRD152_9/8_WAL_540F_419FIN,9/8/12,8,9,fin,Walleye,540,6.3431046,21.1523374,15.329,-23.983
PRD154_9/8_WAL_540F_421FIN,9/8/12,8,9,fin,Walleye,540,6.3278416,20.9267239,16.044,-25.659
PRD40_3/24_WAL_540M_B42FIN,3/24/12,24,3,fin,Walleye,540,7.8538003,29.5379607,17.261,-23.923
PRD72_3/25_WAL_540M_B74FIN,3/25/12,25,3,fin,Walleye,540,8.5836583,32.7997851,16.124,-28.304
PRD223_10/12_WAL_545M_490FIN,10/12/12,12,10,fin,Walleye,545,6.6508019,24.0295376,15.515,-26.174
PRD205_9/9_WAL_550F_472FIN,9/9/12,9,9,fin,Walleye,550,6.2237702,21.1188747,15.733,-23.34
PRD214_9/9_WAL_550M_481FIN,9/9/12,9,9,fin,Walleye,550,6.1570182,21.1128724,15.751,-23.429
PRD86_3/25_WAL_550M_B88FIN,3/25/12,25,3,fin,Walleye,550,7.9147873,30.8608927,16.326,-27.576
PRD86_3/25_WAL_550M_B88FIN,3/25/12,25,3,fin,Walleye,550,7.6077903,29.36099,16.245,-27.507
PRD196_9/9_WAL_560F_463FIN,9/9/12,9,9,fin,Walleye,560,6.7222473,22.7926199,16.645,-23.83
PRD208_9/9_WAL_560F_475FIN,9/9/12,9,9,fin,Walleye,560,6.3011302,21.1533526,16.276,-25.757
PRD51_3/24_WAL_560F_B53FIN,3/24/12,24,3,fin,Walleye,560,6.6177555,24.6986112,15.497,-26.649
PRD71_3/25_WAL_560M_B73FIN,3/25/12,25,3,fin,Walleye,560,9.4077264,36.3286647,17.64,-27.315
PRD83_3/25_WAL_560F_B85FIN,3/25/12,25,3,fin,Walleye,560,9.1917228,36.2578642,16.955,-27.656
PRD199_9/9_WAL_565F_466FIN,9/9/12,9,9,fin,Walleye,565,6.2080587,21.5412456,16.405,-25.266
PRD199_9/9_WAL_565F_466FIN,9/9/12,9,9,fin,Walleye,565,6.9126036,23.0211762,16.195,-25.168
PRD143_7/8_WAL_570F_B121FIN,7/8/12,8,7,fin,Walleye,570,6.2387044,21.6831554,16.249,-25.316
PRD156_9/8_WAL_570M_423FIN,9/8/12,8,9,fin,Walleye,570,6.6651938,21.7444418,15.054,-25.721
PRD161_9/8_WAL_570F_428FIN,9/8/12,8,9,fin,Walleye,570,6.5151284,21.9660439,16.661,-25.533
PRD37_3/24_WAL_570M_B39FIN,3/24/12,24,3,fin,Walleye,570,8.2000626,30.637205,16.698,-27.727
PRD46_3/24_WAL_570F_B48FIN,3/24/12,24,3,fin,Walleye,570,8.0860313,30.5233319,15.51,-27.178
PRD13_3/24_WAL_590F_B15FIN,3/24/12,24,3,fin,Walleye,590,7.7462843,30.1497924,17.077,-26.027
PRD142_7/8_WAL_590M_B120FIN,7/8/12,8,7,fin,Walleye,590,6.2659862,20.7350754,16.485,-24.01
PRD148_9/8_WAL_590F_415FIN,9/8/12,8,9,fin,Walleye,590,6.4936397,22.3626085,16.342,-25.789
PRD179_9/8_WAL_590F_446FIN,9/8/12,8,9,fin,Walleye,590,6.1346153,19.9710527,16.129,-24.084
PRD216_9/9_WAL_590F_483FIN,9/9/12,9,9,fin,Walleye,590,6.575639,23.6236064,16.141,-24.504
PRD41_3/24_WAL_590M_B43FIN,3/24/12,24,3,fin,Walleye,590,7.4297324,33.2079863,15.673,-28.442
PRD41_3/24_WAL_590M_B43FIN,3/24/12,24,3,fin,Walleye,590,8.7378667,28.3564445,15.861,-28.232
PRD87_3/25_WAL_590F_B89FIN,3/25/12,25,3,fin,Walleye,590,8.8768363,34.8484258,16.044,-28.388
PRD89_3/25_WAL_590X_B91FIN,3/25/12,25,3,fin,Walleye,590,8.6821938,34.3757043,16.786,-28.476
PRD119_7/7_WAL_610M_B283FIN,7/7/12,7,7,fin,Walleye,610,5.5501241,18.5258463,16.3,-25.638
PRD17_3/24_WAL_610X_B19FIN,3/24/12,24,3,fin,Walleye,610,7.2146094,26.4676499,16.684,-26.368
PRD175_9/8_WAL_610F_442FIN,9/8/12,8,9,fin,Walleye,610,5.4593786,18.4135189,15.87,-22.712
PRD181_9/8_WAL_610F_448FIN,9/8/12,8,9,fin,Walleye,610,6.6686592,23.7669037,16.597,-25.76
PRD44_3/24_WAL_610F_B46FIN,3/24/12,24,3,fin,Walleye,610,7.3210258,26.9994336,16.336,-26.281
PRD49_3/24_WAL_610X_B51FIN,3/24/12,24,3,fin,Walleye,610,8.0346157,30.7945424,16.649,-28.018
PRD88_3/25_WAL_610M_B90FIN,3/25/12,25,3,fin,Walleye,610,9.3673081,37.8495944,17.285,-27.507
PRD149_9/8_WAL_615F_416FIN,9/8/12,8,9,fin,Walleye,615,6.6542673,22.828401,16.518,-23.807
PRD198_9/9_WAL_615F_465FIN,9/9/12,9,9,fin,Walleye,615,6.1417667,21.4939075,15.627,-25.893
PRD140_7/8_WAL_620F_B118FIN,7/8/12,8,7,fin,Walleye,620,5.9684107,19.7548401,16.241,-23.47
PRD52_3/24_WAL_620X_B54FIN,3/24/12,24,3,fin,Walleye,620,9.115817,34.5500355,16.084,-29.021
PRD123_7/7_WAL_630M_B287FIN,7/7/12,7,7,fin,Walleye,630,6.118745,20.3452724,16.682,-24.24
PRD48_3/24_WAL_670F_B50FIN,3/24/12,24,3,fin,Walleye,670,9.0658867,34.2033024,16.073,-26.301
PRD50_3/24_WAL_670M_B52FIN,3/24/12,24,3,fin,Walleye,670,6.4324475,21.2175629,17.693,-23.378
PRD50_3/24_WAL_670M_B52FIN,3/24/12,24,3,fin,Walleye,670,5.9472615,23.2052076,17.665,-23.213
PRD82_3/25_WAL_670F_B84FIN,3/25/12,25,3,fin,Walleye,670,7.5174589,28.7471293,17.523,-26.454
PRD117_7/7_WAL_680F_B281FIN,7/7/12,7,7,fin,Walleye,680,8.5301136,27.1988097,15.457,-25.142
PRD139_7/8_WAL_690M_B117FIN,7/8/12,8,7,fin,Walleye,690,8.7079415,32.1754679,17.359,-25.571
PRD141_7/8_WAL_690F_B119FIN,7/8/12,8,7,fin,Walleye,690,5.875665,19.5736123,16.79,-23.286
PRD93_3/25_WAL_690F_B95FIN,3/25/12,25,3,fin,Walleye,690,7.7997562,28.635858,16.954,-25.919
PRD134_7/8_WAL_700F_B112FIN,7/8/12,8,7,fin,Walleye,700,7.0766988,22.2527861,16.027,-22.797
PRD95_3/25_WAL_700M_B97FIN,3/25/12,25,3,fin,Walleye,700,6.6140517,29.517582,18.029,-26.771
PRD95_3/25_WAL_700M_B97FIN,3/25/12,25,3,fin,Walleye,700,8.0842172,24.5863677,18.41,-26.128
PRD43_3/24_WAL_710F_B45FIN,3/24/12,24,3,fin,Walleye,710,8.4986094,31.7115073,16.746,-27.104
PRD94_3/25_WAL_710F_B96FIN,3/25/12,25,3,fin,Walleye,710,7.962941,30.0877094,16.586,-26.655
PRD138_7/8_WAL_725F_B116FIN,7/8/12,8,7,fin,Walleye,725,5.4091265,17.6375663,17.25,-21.255
PRD168_9/8_WAL_730F_435FIN,9/8/12,8,9,fin,Walleye,730,6.510475,23.1962476,17.042,-25.553
PRD20_3/24_WAL_730F_B22FIN,3/24/12,24,3,fin,Walleye,730,7.2133031,25.8876504,16.474,-26.714
PRD76_3/25_WAL_760F_B78FIN,3/25/12,25,3,fin,Walleye,760,9.5754182,38.0672877,17.397,-28.44
PRD21_3/24_WAL_780F_B23FIN,3/24/12,24,3,fin,Walleye,780,6.7518519,24.7285095,17.211,-25.842
PRD190_9/9_WAL_830F_457FIN,9/9/12,9,9,fin,Walleye,830,7.617487,26.3942595,17.4,-23.713
PRY67_5/10_NPM_1250_203FIN,5/10/12,10,5,fin,northern pike minnow,125,5.0378314,20.9935473,17.445,-25.549
PRY164_5/10_NPM_1700_226FIN,5/10/12,10,5,fin,northern pike minnow,170,5.4603321,21.982645,15.851,-20.033
NPM12_5/30_NPM_190-_535FIN,5/30/12,30,5,fin,northern pike minnow,190,5.0148613,18.4811074,14.998,-19.703
NPM2_5/13_NPM_190-_545FIN,5/13/12,13,5,fin,northern pike minnow,190,5.6218662,21.9553749,16.463,-19.185
PRY165_5/10_NPM_1900_227FIN,5/10/12,10,5,fin,northern pike minnow,190,5.7958959,24.9187054,16.189,-19.379
NPM35_7/7_NPM_200-_490FIN,7/7/12,7,7,fin,northern pike minnow,200,5.7121587,22.2534163,13.137,-26.086
NPM41_7/15_NPM_200-_528FIN,7/15/12,15,7,fin,northern pike minnow,200,4.9122993,19.6373144,13.678,-25.09
NPM41_7/15_NPM_200-_528FIN,7/15/12,15,7,fin,northern pike minnow,200,4.9638301,19.9474178,13.645,-25.004
NPM23_6/28_NPM_205-_507FIN,6/28/12,28,6,fin,northern pike minnow,205,4.9410698,18.2727637,13.085,-25.477
NPM31_7/3_NPM_205-_496FIN,7/3/12,3,7,fin,northern pike minnow,205,5.2440586,20.225723,13.329,-25.875
NPM59_9/17_NPM_205-_518FIN,9/17/12,17,9,fin,northern pike minnow,205,5.4240208,20.2466732,12.731,-26.33
NPM11_5/30_NPM_210-_534FIN,5/30/12,30,5,fin,northern pike minnow,210,5.2417451,20.9932537,15.196,-22.852
NPM21_6/28_NPM_210-_505FIN,6/28/12,28,6,fin,northern pike minnow,210,3.9750733,15.4155246,14.372,-19.409
NPM29_7/3_NPM_210-_494FIN,7/3/12,3,7,fin,northern pike minnow,210,6.1867282,24.5553235,13.221,-25.652
NPM32_7/3_NPM_210-_497FIN,7/3/12,3,7,fin,northern pike minnow,210,4.6966132,18.2172771,15.675,-21.52
NPM4_5/14_NPM_210-_521FIN,5/14/12,14,5,fin,northern pike minnow,210,4.9912218,18.6871438,11.415,-24.946
NPM40_7/15_NPM_210-_527FIN,7/15/12,15,7,fin,northern pike minnow,210,5.8143664,21.6053095,12.772,-25.363
NPM46_8/11_NPM_210-_514FIN,8/11/12,11,8,fin,northern pike minnow,210,5.3780108,19.9979037,12.318,-26.51
NPM55_9/4_NPM_210-_549FIN,9/4/12,4,9,fin,northern pike minnow,210,5.2000376,18.8432466,12.885,-25.023
NPM62_9/18_NPM_210-_530FIN,9/18/12,18,9,fin,northern pike minnow,210,5.1354096,19.4365592,13.153,-26.368
NPM9_5/30_NPM_210-_532FIN,5/30/12,30,5,fin,northern pike minnow,210,5.119717,20.4408133,14.007,-24.86
NPM14_6/12_NPM_215-_537FIN,6/12/12,12,6,fin,northern pike minnow,215,5.4538245,20.8635522,15.332,-22.968
NPM34_7/3_NPM_215-_499FIN,7/3/12,3,7,fin,northern pike minnow,215,5.5380694,21.1239236,13.466,-25.796
NPM26_6/28_NPM_220-_510FIN,6/28/12,28,6,fin,northern pike minnow,220,5.243372,19.3108607,14.779,-23.164
NPM30_7/3_NPM_220-_495FIN,7/3/12,3,7,fin,northern pike minnow,220,6.0153384,23.4407744,13.601,-26.636
NPM30_7/3_NPM_220-_495FIN,7/3/12,3,7,fin,northern pike minnow,220,5.6051389,21.6726891,13.606,-26.38
NPM33_7/3_NPM_220-_498FIN,7/3/12,3,7,fin,northern pike minnow,220,5.2170247,20.5146571,14.7,-24.026
NPM37_7/15_NPM_220-_524FIN,7/15/12,15,7,fin,northern pike minnow,220,4.1760057,16.0888517,12.861,-24.631
NPM54_9/4_NPM_220-_548FIN,9/4/12,4,9,fin,northern pike minnow,220,5.2778036,19.6867467,11.811,-27.151
NPM56_9/4_NPM_220-_550FIN,9/4/12,4,9,fin,northern pike minnow,220,5.3334456,19.7289707,12.916,-25.586
NPM6_5/14_NPM_220-_523FIN,5/14/12,14,5,fin,northern pike minnow,220,5.0938932,19.4597567,14.964,-19.838
NPM61_9/18_NPM_220-_529FIN,9/18/12,18,9,fin,northern pike minnow,220,5.513251,20.2655253,12.903,-26.624
PRY166_5/10_NPM_2200_228FIN,5/10/12,10,5,fin,northern pike minnow,220,6.5316317,27.5182639,15.176,-20.944
NPM28_7/3_NPM_225-_493FIN,7/3/12,3,7,fin,northern pike minnow,225,5.021992,19.2080864,11.877,-25.911
NPM39_7/15_NPM_225-_526FIN,7/15/12,15,7,fin,northern pike minnow,225,5.1714545,18.5513154,13.729,-24.358
NPM1_5/13_NPM_230-_544FIN,5/13/12,13,5,fin,northern pike minnow,230,4.6388839,17.849587,15.911,-18.968
NPM5_5/14_NPM_230-_522FIN,5/14/12,14,5,fin,northern pike minnow,230,5.5124074,21.4624942,13.045,-27.284
NPM51_8/16_NPM_230-_543FIN,8/16/12,16,8,fin,northern pike minnow,230,5.438748,21.0845663,13.136,-26.2
NPM65_9/30_NPM_230-_488FIN,9/30/12,30,9,fin,northern pike minnow,230,4.9450414,19.3825195,13.156,-27.263
NPM15_6/12_NPM_235-_538FIN,6/12/12,12,6,fin,northern pike minnow,235,5.732757,23.0794692,15.047,-23.224
NPM17_6/28_NPM_235-_501FIN,6/28/12,28,6,fin,northern pike minnow,235,4.9557092,18.5421706,15.066,-20.925
NPM38_7/15_NPM_235-_525FIN,7/15/12,15,7,fin,northern pike minnow,235,5.5220719,20.9008113,13.714,-22.678
NPM45_8/11_NPM_235-_513FIN,8/11/12,11,8,fin,northern pike minnow,235,5.6040695,20.8906625,13.38,-24.684
NPM13_6/12_NPM_240-_536FIN,6/12/12,12,6,fin,northern pike minnow,240,5.9445819,22.711989,12.936,-25.458
NPM20_6/28_NPM_245-_504FIN,6/28/12,28,6,fin,northern pike minnow,245,4.169628,15.477999,14.692,-21.117
NPM48_8/16_NPM_245-_540FIN,8/16/12,16,8,fin,northern pike minnow,245,5.2617074,18.7947684,13.236,-25.508
NPM10_5/30_NPM_250-_533FIN,5/30/12,30,5,fin,northern pike minnow,250,5.3534688,20.9161691,14.544,-21.568
NPM22_6/28_NPM_250-_506FIN,6/28/12,28,6,fin,northern pike minnow,250,4.8535541,17.8954404,15.136,-19.542
NPM25_6/28_NPM_250-_509FIN,6/28/12,28,6,fin,northern pike minnow,250,5.1177525,17.8848037,13.516,-24.527
NPM27_7/3_NPM_250-_492FIN,7/3/12,3,7,fin,northern pike minnow,250,5.1583628,19.4104918,12.732,-26.111
NPM63_9/30_NPM_250-_486FIN,9/30/12,30,9,fin,northern pike minnow,250,5.5501304,19.0021497,13.902,-26.763
NPM63_9/30_NPM_250-_486FIN,9/30/12,30,9,fin,northern pike minnow,250,5.1889288,19.8523758,14.409,-26.707
NPM18_6/28_NPM_260-_502FIN,6/28/12,28,6,fin,northern pike minnow,260,4.5755579,16.6709538,13.826,-18.782
NPM24_6/28_NPM_260-_508FIN,6/28/12,28,6,fin,northern pike minnow,260,5.1065006,18.7594787,14.108,-25.338
NPM3_5/14_NPM_260-_520FIN,5/14/12,14,5,fin,northern pike minnow,260,6.9098078,28.0647918,16.088,-20.232
NPM50_8/16_NPM_260-_542FIN,8/16/12,16,8,fin,northern pike minnow,260,6.4337647,25.4278554,13.222,-26.409
NPM58_9/17_NPM_260-_517FIN,9/17/12,17,9,fin,northern pike minnow,260,5.7228468,21.2384632,13.548,-27.068
NPM64_9/30_NPM_260-_487FIN,9/30/12,30,9,fin,northern pike minnow,260,6.7829582,28.7713236,14.847,-25.315
NPM19_6/28_NPM_270-_503FIN,6/28/12,28,6,fin,northern pike minnow,270,5.788768,21.3357471,13.078,-24.993
NPM19_6/28_NPM_270-_503FIN,6/28/12,28,6,fin,northern pike minnow,270,5.3664024,19.3267704,13.24,-23.737
NPM49_8/16_NPM_270-_541FIN,8/16/12,16,8,fin,northern pike minnow,270,5.5574212,20.8172044,14.129,-24.178
NPM57_9/17_NPM_270-_516FIN,9/17/12,17,9,fin,northern pike minnow,270,5.3821417,19.574655,13.706,-25.287
NPM36_7/7_NPM_280-_491FIN,7/7/12,7,7,fin,northern pike minnow,280,6.0424973,22.3891616,14.135,-24.134
NPM60_9/17_NPM_280-_519FIN,9/17/12,17,9,fin,northern pike minnow,280,5.1271154,19.5960157,13.438,-26.129
NPM52_9/4_NPM_290-_546FIN,9/4/12,4,9,fin,northern pike minnow,290,6.1321291,23.12454,13.702,-24.675
NPM52_9/4_NPM_290-_546FIN,9/4/12,4,9,fin,northern pike minnow,290,5.8135786,20.9790716,13.871,-23.858
NPM44_8/11_NPM_320-_512FIN,8/11/12,11,8,fin,northern pike minnow,320,6.1788393,22.1311073,13.739,-24.83
NPM16_6/28_NPM_330-_500FIN,6/28/12,28,6,fin,northern pike minnow,330,5.5417674,20.6364535,14.482,-24.245
NPM42_8/5_NPM_330-_515FIN,8/5/12,5,8,fin,northern pike minnow,330,4.9114018,17.279267,13.836,-24.53
NPM43_8/11_NPM_330-_511FIN,8/11/12,11,8,fin,northern pike minnow,330,5.602752,20.8491637,13.517,-26.004
NPM53_9/4_NPM_340-_547FIN,9/4/12,4,9,fin,northern pike minnow,340,6.6089438,25.6507771,14.415,-25.584
NPM47_8/16_NPM_360-_539FIN,8/16/12,16,8,fin,northern pike minnow,360,5.654551,20.4559098,14.806,-20.649
NPM8_5/30_NPM_430-_531FIN,5/30/12,30,5,fin,northern pike minnow,430,4.2522437,19.8061765,14.644,-23.821
NPM8_5/30_NPM_430-_531FIN,5/30/12,30,5,fin,northern pike minnow,430,4.8569317,17.4734426,14.699,-23.605
NPM7_5/15_NPM_510-_489FIN,5/15/12,15,5,fin,northern pike minnow,510,7.2295162,29.3034832,15.417,-25.609